{
	"parent": "block/cube",
	"display": {
		"firstperson_righthand": {
			"rotation": [
				0,
				135,
				0
			],
			"translation": [
				0,
				0,
				0
			],
			"scale": [
				0.4,
				0.4,
				0.4
			]
		},
		"gui": {
			"rotation": [
				30,
				-45,
				0
			],
			"translation": [
				0,
				0,
				0
			],
			"scale": [
				0.625,
				0.625,
				0.625
			]
		}
	},
	"textures": {
		"particle": "#front",
		"down": "#bottom",
		"up": "#top",
		"north": "#front",
		"east": "#side",
		"south": "#side",
		"west": "#side"
	}
}